Department,Sample_Size,Accuracy
None,7666,0.9753456822332377
Legal,2824,0.9762747875354107
Security,1764,0.9733560090702947
HR,1024,0.96875
Safety,969,0.9834881320949432
Government Relations,613,0.9869494290375204
Ethics and Compliance,472,0.9745762711864406
